Workbook
Name Abigail_Foster: 'Students Image'!$C$29
Name Abigail_Foster: #REF!
Name Aiden_James: 'Students Image'!$C$22
Name Aiden_James: #REF!
Name Alexander_Gray: 'Students Image'!$C$11
Name Alexander_Gray: #REF!
Name Amelia_Brooks: 'Students Image'!$C$34
Name Amelia_Brooks: #REF!
Name Ava_Morgan: 'Students Image'!$C$37
Name Ava_Morgan: #REF!
Name Benjamin_Scott: 'Students Image'!$C$18
Name Benjamin_Scott: #REF!
Name Charlotte_Lane: 'Students Image'!$C$24
Name Charlotte_Lane: #REF!
Name Chloe_Madison: 'Students Image'!$C$28
Name Chloe_Madison: #REF!
Name Daniel_King: 'Students Image'!$C$15
Name Daniel_King: #REF!
Name Elijah_Turner: 'Students Image'!$C$17
Name Elijah_Turner: #REF!
Name Ella_Bennett: 'Students Image'!$C$31
Name Ella_Bennett: #REF!
Name Emma_Claire: 'Students Image'!$C$36
Name Emma_Claire: #REF!
Name Ethan_Walker: 'Students Image'!$C$20
Name Ethan_Walker: #REF!
Name Evelyn_Parker: 'Students Image'!$C$7
Name Evelyn_Parker: #REF!
Name firs: INDIRECT('Students Image'!$H$2)
Name First: INDIRECT(#REF!)
Name First: INDIRECT(#REF!)
Name Grace_Turner: 'Students Image'!$C$5
Name Grace_Turner: #REF!
Name Harper_Quinn: 'Students Image'!$C$35
Name Harper_Quinn: #REF!
Name Henry_Morgan: 'Students Image'!$C$25
Name Henry_Morgan: #REF!
Name Isabella_Reed: 'Students Image'!$C$2
Name Isabella_Reed: #REF!
Name Jackson_Cole: 'Students Image'!$C$33
Name Jackson_Cole: #REF!
Name James_Cooper: 'Students Image'!$C$21
Name James_Cooper: #REF!
Name Liam_Brooks: 'Students Image'!$C$32
Name Liam_Brooks: #REF!
Name Lily_Cooper: 'Students Image'!$C$19
Name Lily_Cooper: #REF!
Name Logan_Hayes: 'Students Image'!$C$3
Name Logan_Hayes: #REF!
Name Lucas_Bennett: 'Students Image'!$C$13
Name Lucas_Bennett: #REF!
Name Mason_Reed: 'Students Image'!$C$16
Name Mason_Reed: #REF!
Name Matthew_Price: 'Students Image'!$C$6
Name Matthew_Price: #REF!
Name Mia_Harper: 'Students Image'!$C$14
Name Mia_Harper: #REF!
Name Michael_Foster: 'Students Image'!$C$8
Name Michael_Foster: #REF!
Name Noah_Carter: 'Students Image'!$C$26

Sheet Dashboard

Sheet Teachers

Sheet Student

Sheet Event

Sheet Exam

Sheet Sheet1
D1: Time Table
B4: S.No | C4: Subject | D4: Exam Date | E4: Day | F4: Time | G4: Exam Type | H4: Portions
B5: 1 | C5: MATHEMATICS | D5: 01/042025 | E5: Tuesday | F5: 9:00 AM - 12:00 PM | G5: Theory | H5: Chapters 1 to 8 (All Exercises)
B6: 2 | C6: ENGLISH | D6: 45720 | E6: Thursday | F6: 9:00 AM - 12:00 PM | G6: Theory | H6: Reader: Ch. 1 to 3/ Grammar: Tenses, Voice, Writing Skills
B7: 3 | C7: PHYSICS | D7: 45781 | E7: Saturday | F7: 9:00 AM - 12:00 PM | G7: Theory | H7: Chapters 1 to 7 (Numericals Included)
B8: 4 | C8: CHEMISTRY | D8: 45873 | E8: Tuesday | F8: 9:00 AM - 12:00 PM | G8: Theory | H8: Chapters 1 to 7 (All Exercises & Numericals)
B9: 5 | C9: BIOLOGY | D9: 45934 | E9: Thursday | F9: 9:00 AM - 12:00 PM | G9: Theory | H9: Chapters 1 to 7 (Diagrams & Descriptions Included)
B10: 6 | C10: HISTORY | D10: 45995 | E10: Saturday | F10: 9:00 AM - 12:00 PM | G10: Theory | H10: Chapters 1 to 6 (All Topics & Map Work)

Sheet Students Image
A1: Students Name | B1: Name without " " | C1: Image | G1: Rank | H1: Name | I1: Name on Dashboard | J1: %
A2: Isabella_Reed | B2: Isabella Reed | G2: 1st | H2: =Pivot!M12 -> Isabella_Reed | I2: =VLOOKUP(H2,A:B,2,0) -> Isabella Reed | J2: =GETPIVOTDATA("%",Pivot!$L$10,"Rank",1,"Students Name","Isabella_Reed") -> 0.9906
A3: Logan_Hayes | B3: Logan Hayes | G3: 2nd | H3: =Pivot!M13 -> Logan_Hayes | I3: =VLOOKUP(H3,A:B,2,0) -> Logan Hayes | J3: =GETPIVOTDATA("%",Pivot!$L$10,"Rank",2,"Students Name","Logan_Hayes") -> 0.9637
A4: Sophia_Grace | B4: Sophia Grace | G4: 3rd | H4: =Pivot!M14 -> Sophia_Grace | I4: =VLOOKUP(H4,A:B,2,0) -> Sophia Grace | J4: =GETPIVOTDATA("%",Pivot!$L$10,"Rank",3,"Students Name","Sophia_Grace") -> 0.944
A5: Grace_Turner | B5: Grace Turner
A6: Matthew_Price | B6: Matthew Price
A7: Evelyn_Parker | B7: Evelyn Parker
A8: Michael_Foster | B8: Michael Foster
A9: Scarlett_Hayes | B9: Scarlett Hayes
A10: William_Parker | B10: William Parker
A11: Alexander_Gray | B11: Alexander Gray
A12: Victoria_Price | B12: Victoria Price
A13: Lucas_Bennett | B13: Lucas Bennett
A14: Mia_Harper | B14: Mia Harper
A15: Daniel_King | B15: Daniel King
A16: Mason_Reed | B16: Mason Reed
... A37: Ava_Morgan | B37: Ava Morgan

Sheet Pivot
B2: School Type | C2: Value | I2: KPI | J2: VALUE | P2: Event
B3: Preschool | C3: =COUNTA(C12:C1000) -> 3 | I3: School Count | J3: =COUNTA(B12:B1000) -> 26 | P3: =P11 -> Academic Excellence Awards Recognition Ceremony
B4: Primary School | C4: =COUNTA(D12:D1000) -> 3 | I4: Students Count | J4: =GETPIVOTDATA("Actual",$I$10,"Class","Students") -> 125 | P4: =P12 -> Advanced Coding and Robotics Learning Event
B5: Elementsry School | C5: =COUNTA(E12:E1000) -> 6 | I5: Parents Count | J5: =GETPIVOTDATA("Actual",$I$10,"Class","Parents") -> 123 | P5: =P13 -> Advanced Mathematics Problem Solving Competition
B6: Middle School | C6: =COUNTA(F12:F1000) -> 3 | I6: Teachers Count | J6: =GETPIVOTDATA("Actual",$I$10,"Class","Teachers") -> 41 | P6: =P14 -> Annual College Preparation and Guidance Workshop | S6: Best Students | V6: Average Students
B7: High School | C7: =COUNTA(G12:G1000) -> 11 | P7: =P15 -> Annual Educational Technology Advancement Summit
S8: Rank | T8: (All) | V8: Rank | W8: (All)
B10: School Count | C10: Column | I10: Row Labels | J10: Sum of Actual | L10: Average of % | P10: Row Labels | Q10: Count of Project | S10: Average of % | V10: Sum of %
B11: Row Labels | C11: Preschool | D11: Primary School | E11: Elementary School | F11: Middle School | G11: High School | I11: Parents | J11: 123 | L11: Rank | M11: Students Name | N11: Total | P11: Academic Excellence Awards Recognition Ceremony | Q11: 2 | S11: Students Name | T11: Total | V11: Students Name | W11: Total
B12: School 10 | E12: 1 | I12: Students | J12: 125 | L12: 1 | M12: Isabella_Reed | N12: 0.9906 | P12: Advanced Coding and Robotics Learning Event | Q12: 1 | S12: Wyatt_Hughes | T12: 0.8807 | V12: Nora_Simmons | W12: 0.6713
B13: School 12 | E13: 1 | I13: Teachers | J13: 41 | L13: 2 | M13: Logan_Hayes | N13: 0.9637 | P13: Advanced Mathematics Problem Solving Competition | Q13: 2 | S13: Sophia_Grace | T13: 0.944 | V13: Nathan_Wood | W13: 0.6288
B14: School 15 | E14: 1 | I14: Grand Total | J14: 289 | L14: 3 | M14: Sophia_Grace | N14: 0.944 | P14: Annual College Preparation and Guidance Workshop | Q14: 1 | S14: Ryan_Bell | T14: 0.8872 | V14: Julian_Perry | W14: 0.6765
B15: School 17 | E15: 1 | P15: Annual Educational Technology Advancement Summit | Q15: 1 | S15: Luke_Peterson | T15: 0.888 | V15: Claire_Murphy | W15: 0.6664
B16: School 19 | E16: 1 | P16: Annual Scholarship and Student Success Ceremony | Q16: 1 | S16: Logan_Hayes | T16: 0.9637 | V16: Brooklyn_Ward | W16: 0.649
B17: School 2 | E17: 1 | P17: Annual STEM Research and Discovery Conference | Q17: 1 | S17: Isabella_Reed | T17: 0.9906 | V17: Avery_Hughes | W17: 0.659
B18: School 21 | C18: 1 | P18: Cultural Diversity and International Education Week | Q18: 1
B19: School 22 | C19: 2 | P19: Digital Learning and Computer Skills Workshop | Q19: 1
B20: School 30 | C20: 2 | P20: Environmental Sustainability and Recycling Campaign | Q20: 1
B21: School 33 | D21: 1 | P21: Freshman Student Orientation and Career Guidance | Q21: 1
B22: School 36 | D22: 1 | P22: Future Career Planning and Counseling Seminar | Q22: 1
B23: School 37 | D23: 1 | P23: International Language and Communication Week | Q23: 1
B24: School 39 | G24: 2 | P24: Leadership Training and Personal Growth Seminar | Q24: 1
B25: School 40 | G25: 2 | P25: National History and Heritage Learning Exhibition | Q25: 1
B26: School 42 | G26: 1 | P26: National Reading and Literacy Improvement Challenge | Q26: 1
B27: School 44 | G27: 1 | P27: Performing Arts and Drama Festival Celebration | Q27: 2
B28: School 47 | G28: 1 | P28: Public Communication and Media Skills Training | Q28: 2
B29: School 49 | G29: 1 | P29: School Community Friendship and Unity Celebration | Q29: 1
B30: School 50 | G30: 1 | P30: School Library Reading and Knowledge Development Week | Q30: 1
B31: School 51 | G31: 1 | P31: School Safety and Emergency Preparedness Workshop | Q31: 1
B32: School 55 | G32: 1 | P32: Student Achievement and Excellence Recognition Night | Q32: 1
B33: School 57 | G33: 1 | P33: Student Creativity and Design Thinking Workshop | Q33: 1
B34: School 59 | G34: 1 | P34: Student Debate and Public Speaking Competition | Q34: 1
B35: School 63 | F35: 1 | P35: Student Leadership and Motivation Workshop | Q35: 2
B36: School 64 | F36: 2 | P36: Youth Leadership and Community Engagement Forum | Q36: 1
B37: School 7 | F37: 1

Sheet Data
A1: Year | B1: Day | C1: Month | D1: Full Date | E1: School Branch | F1: Educational Stage | G1: Rank | H1: Students Name | I1: % | J1: Best Students | K1: Class | L1: Department Full Name | M1: Project | N1: Actual
A2: 2025 | B2: 1 | C2: Jan | D2: 45658 | E2: School 33 | F2: Primary School | G2: 31 | H2: Nathan_Wood | I2: 0.6288 | J2: Average | K2: Parents | L2: Digital Learning & Classroom Services | M2: Environmental Sustainability and Recycling Campaign | N2: 12
A3: 2025 | B3: 2 | C3: Jan | D3: 45659 | E3: School 49 | F3: High School | G3: 15 | H3: Sofia_Rivera | I3: 0.7662 | J3: Average | K3: Parents | L3: STEM Programs & Innovation | M3: School Safety and Emergency Preparedness Workshop | N3: 16
A4: 2025 | B4: 3 | C4: Jan | D4: 45660 | E4: School 64 | F4: Middle School | G4: 28 | H4: Violet_Jenkins | I4: 0.6596 | J4: Average | K4: Teachers | L4: Campus Events & Activities | M4: Leadership Training and Personal Growth Seminar | N4: 6
A5: 2025 | B5: 4 | C5: Jan | D5: 45661 | E5: School 36 | F5: Primary School | G5: 9 | H5: Anthony_Ramirez | I5: 0.8686 | J5: Average | K5: Teachers | L5: Digital Learning & Classroom Services | M5: Student Debate and Public Speaking Competition | N5: 1
A6: 2025 | B6: 5 | C6: Jan | D6: 45662 | E6: School 64 | F6: Middle School | G6: 1 | H6: Isabella_Reed | I6: 0.9906 | J6: Excellent | K6: Parents | L6: Arts, Sports & Leadership | M6: Future Career Planning and Counseling Seminar | N6: 11
A7: 2025 | B7: 6 | C7: Jan | D7: 45663 | E7: School 40 | F7: High School | G7: 23 | H7: Sofia_Rivera | I7: 0.7176 | J7: Average | K7: Teachers | L7: Arts, Sports & Leadership | M7: Digital Learning and Computer Skills Workshop | N7: 2
A8: 2025 | B8: 7 | C8: Jan | D8: 45664 | E8: School 12 | F8: Elementary School | G8: 12 | H8: Owen_Mitchell | I8: 0.8496 | J8: Average | K8: Teachers | L8: Campus Events & Activities | M8: Youth Leadership and Community Engagement Forum | N8: 6
A9: 2025 | B9: 8 | C9: Jan | D9: 45665 | E9: School 51 | F9: High School | G9: 27 | H9: Aaron_Bryant | I9: 0.6659 | J9: Average | K9: Students | L9: Digital Learning & Classroom Services | M9: National History and Heritage Learning Exhibition | N9: 20
A10: 2025 | B10: 9 | C10: Jan | D10: 45666 | E10: School 30 | F10: Preschool | G10: 24 | H10: Julian_Perry | I10: 0.6765 | J10: Average | K10: Teachers | L10: Admissions & Parent Relations | M10: School Library Reading and Knowledge Development Week | N10: 3
A11: 2025 | B11: 10 | C11: Jan | D11: 45667 | E11: School 15 | F11: Elementary School | G11: 21 | H11: Ellie_Bryant | I11: 0.7238 | J11: Average | K11: Parents | L11: Arts, Sports & Leadership | M11: Academic Excellence Awards Recognition Ceremony | N11: 17
A12: 2025 | B12: 11 | C12: Jan | D12: 45668 | E12: School 47 | F12: High School | G12: 10 | H12: Caleb_Bailey | I12: 0.8669 | J12: Average | K12: Teachers | L12: Admissions & Parent Relations | M12: Annual College Preparation and Guidance Workshop | N12: 1
A13: 2025 | B13: 12 | C13: Jan | D13: 45669 | E13: School 59 | F13: High School | G13: 22 | H13: Hannah_Bailey | I13: 0.7183 | J13: Average | K13: Teachers | L13: Admissions & Parent Relations | M13: Academic Excellence Awards Recognition Ceremony | N13: 4
... A366: 2025 | B366: 31 | C366: Dec | D366: 46022 | E366: School 19 | F366: Elementary School | G366: 13 | H366: Joseph_Rivera | I366: 0.7497 | J366: Average | K366: Teachers | L366: STEM Programs & Innovation | M366: Annual STEM Research and Discovery Conference | N366: 5
